Company,Category,Role Title,Type,Location,Apply Link,Stipend / Salary,Posted
3M,Additional IT/Services,"Manual check: search ""intern"" openings",Manual check required,N/A,https://3m.wd1.myworkdayjobs.com/Search?q=intern,Not specified,
3M,Additional IT/Services,"Manual check: search ""internship"" openings",Manual check required,N/A,https://3m.wd1.myworkdayjobs.com/Search?q=internship,Not specified,
3M,Additional IT/Services,"Manual check: search ""graduate"" openings",Manual check required,N/A,https://3m.wd1.myworkdayjobs.com/Search?q=graduate,Not specified,
3M,Additional IT/Services,"Manual check: search ""entry level"" openings",Manual check required,N/A,https://3m.wd1.myworkdayjobs.com/Search?q=entry+level,Not specified,
3M,Additional IT/Services,"Manual check: search ""fresher"" openings",Manual check required,N/A,https://3m.wd1.myworkdayjobs.com/Search?q=fresher,Not specified,
3M,Additional IT/Services,"Manual check: search ""early career"" openings",Manual check required,N/A,https://3m.wd1.myworkdayjobs.com/Search?q=early+career,Not specified,
3M,Additional IT/Services,"Manual check: search ""new grad"" openings",Manual check required,N/A,https://3m.wd1.myworkdayjobs.com/Search?q=new+grad,Not specified,
CGI,Additional IT/Services,"Manual check: search ""intern"" openings",Manual check required,N/A,https://cgi.njoyn.com/corp/xweb/xweb.asp?page=joblisting,Not specified,
CitiusTech,Additional IT/Services,"Manual check: search ""intern"" openings",Manual check required,N/A,https://www.citiustech.com/careers,Not specified,
DXC,Additional IT/Services,"Manual check: search ""intern"" openings",Manual check required,N/A,https://careers.dxc.com/global/en/search-results?keywords=intern,Not specified,
DXC,Additional IT/Services,"Manual check: search ""internship"" openings",Manual check required,N/A,https://careers.dxc.com/global/en/search-results?keywords=internship,Not specified,
DXC,Additional IT/Services,"Manual check: search ""graduate"" openings",Manual check required,N/A,https://careers.dxc.com/global/en/search-results?keywords=graduate,Not specified,
DXC,Additional IT/Services,"Manual check: search ""entry level"" openings",Manual check required,N/A,https://careers.dxc.com/global/en/search-results?keywords=entry+level,Not specified,
DXC,Additional IT/Services,"Manual check: search ""fresher"" openings",Manual check required,N/A,https://careers.dxc.com/global/en/search-results?keywords=fresher,Not specified,
DXC,Additional IT/Services,"Manual check: search ""early career"" openings",Manual check required,N/A,https://careers.dxc.com/global/en/search-results?keywords=early+career,Not specified,
DXC,Additional IT/Services,"Manual check: search ""new grad"" openings",Manual check required,N/A,https://careers.dxc.com/global/en/search-results?keywords=new+grad,Not specified,
Eaton,Additional IT/Services,"Manual check: search ""intern"" openings",Manual check required,N/A,https://jobs.eaton.com/jobs?keywords=intern,Not specified,
Eaton,Additional IT/Services,"Manual check: search ""internship"" openings",Manual check required,N/A,https://jobs.eaton.com/jobs?keywords=internship,Not specified,
Eaton,Additional IT/Services,"Manual check: search ""graduate"" openings",Manual check required,N/A,https://jobs.eaton.com/jobs?keywords=graduate,Not specified,
Eaton,Additional IT/Services,"Manual check: search ""entry level"" openings",Manual check required,N/A,https://jobs.eaton.com/jobs?keywords=entry+level,Not specified,
Eaton,Additional IT/Services,"Manual check: search ""fresher"" openings",Manual check required,N/A,https://jobs.eaton.com/jobs?keywords=fresher,Not specified,
Eaton,Additional IT/Services,"Manual check: search ""early career"" openings",Manual check required,N/A,https://jobs.eaton.com/jobs?keywords=early+career,Not specified,
Eaton,Additional IT/Services,"Manual check: search ""new grad"" openings",Manual check required,N/A,https://jobs.eaton.com/jobs?keywords=new+grad,Not specified,
Freshworks,Additional IT/Services,"Manual check: search ""intern"" openings",Manual check required,N/A,https://www.freshworks.com/company/careers/,Not specified,
GE,Additional IT/Services,"Manual check: search ""intern"" openings",Manual check required,N/A,https://jobs.gecareers.com/global/en/search-results?keywords=intern,Not specified,
GE,Additional IT/Services,"Manual check: search ""internship"" openings",Manual check required,N/A,https://jobs.gecareers.com/global/en/search-results?keywords=internship,Not specified,
GE,Additional IT/Services,"Manual check: search ""graduate"" openings",Manual check required,N/A,https://jobs.gecareers.com/global/en/search-results?keywords=graduate,Not specified,
GE,Additional IT/Services,"Manual check: search ""entry level"" openings",Manual check required,N/A,https://jobs.gecareers.com/global/en/search-results?keywords=entry+level,Not specified,
GE,Additional IT/Services,"Manual check: search ""fresher"" openings",Manual check required,N/A,https://jobs.gecareers.com/global/en/search-results?keywords=fresher,Not specified,
GE,Additional IT/Services,"Manual check: search ""early career"" openings",Manual check required,N/A,https://jobs.gecareers.com/global/en/search-results?keywords=early+career,Not specified,
GE,Additional IT/Services,"Manual check: search ""new grad"" openings",Manual check required,N/A,https://jobs.gecareers.com/global/en/search-results?keywords=new+grad,Not specified,
Genpact,Additional IT/Services,"Manual check: search ""intern"" openings",Manual check required,N/A,https://careers.genpact.com/global/en/search-results?keywords=intern,Not specified,
Genpact,Additional IT/Services,"Manual check: search ""internship"" openings",Manual check required,N/A,https://careers.genpact.com/global/en/search-results?keywords=internship,Not specified,
Genpact,Additional IT/Services,"Manual check: search ""graduate"" openings",Manual check required,N/A,https://careers.genpact.com/global/en/search-results?keywords=graduate,Not specified,
Genpact,Additional IT/Services,"Manual check: search ""entry level"" openings",Manual check required,N/A,https://careers.genpact.com/global/en/search-results?keywords=entry+level,Not specified,
Genpact,Additional IT/Services,"Manual check: search ""fresher"" openings",Manual check required,N/A,https://careers.genpact.com/global/en/search-results?keywords=fresher,Not specified,
Genpact,Additional IT/Services,"Manual check: search ""early career"" openings",Manual check required,N/A,https://careers.genpact.com/global/en/search-results?keywords=early+career,Not specified,
Genpact,Additional IT/Services,"Manual check: search ""new grad"" openings",Manual check required,N/A,https://careers.genpact.com/global/en/search-results?keywords=new+grad,Not specified,
Hexaware,Additional IT/Services,"Manual check: search ""intern"" openings",Manual check required,N/A,https://jobs.hexaware.com/,Not specified,
Honeywell,Additional IT/Services,"Manual check: search ""intern"" openings",Manual check required,N/A,https://careers.honeywell.com/us/en/search-results?keywords=intern,Not specified,
Honeywell,Additional IT/Services,"Manual check: search ""internship"" openings",Manual check required,N/A,https://careers.honeywell.com/us/en/search-results?keywords=internship,Not specified,
Honeywell,Additional IT/Services,"Manual check: search ""graduate"" openings",Manual check required,N/A,https://careers.honeywell.com/us/en/search-results?keywords=graduate,Not specified,
Honeywell,Additional IT/Services,"Manual check: search ""entry level"" openings",Manual check required,N/A,https://careers.honeywell.com/us/en/search-results?keywords=entry+level,Not specified,
Honeywell,Additional IT/Services,"Manual check: search ""fresher"" openings",Manual check required,N/A,https://careers.honeywell.com/us/en/search-results?keywords=fresher,Not specified,
Honeywell,Additional IT/Services,"Manual check: search ""early career"" openings",Manual check required,N/A,https://careers.honeywell.com/us/en/search-results?keywords=early+career,Not specified,
Honeywell,Additional IT/Services,"Manual check: search ""new grad"" openings",Manual check required,N/A,https://careers.honeywell.com/us/en/search-results?keywords=new+grad,Not specified,
L&T Technology Services,Additional IT/Services,"Manual check: search ""intern"" openings",Manual check required,N/A,https://www.ltts.com/careers,Not specified,
LTI Mindtree,Additional IT/Services,"Manual check: search ""intern"" openings",Manual check required,N/A,https://www.ltimindtree.com/careers/,Not specified,
LatentView,Additional IT/Services,"Manual check: search ""intern"" openings",Manual check required,N/A,https://www.latentview.com/careers/,Not specified,
Mindtree,Additional IT/Services,"Manual check: search ""intern"" openings",Manual check required,N/A,https://www.mindtree.com/careers,Not specified,
Mphasis,Additional IT/Services,"Manual check: search ""intern"" openings",Manual check required,N/A,https://careers.mphasis.com/home/jobs.html,Not specified,
Mu Sigma,Additional IT/Services,"Manual check: search ""intern"" openings",Manual check required,N/A,https://www.mu-sigma.com/careers,Not specified,
NTT Data,Additional IT/Services,"Manual check: search ""intern"" openings",Manual check required,N/A,https://careers.nttdata.com/search/?q=intern,Not specified,
NTT Data,Additional IT/Services,"Manual check: search ""internship"" openings",Manual check required,N/A,https://careers.nttdata.com/search/?q=internship,Not specified,
NTT Data,Additional IT/Services,"Manual check: search ""graduate"" openings",Manual check required,N/A,https://careers.nttdata.com/search/?q=graduate,Not specified,
NTT Data,Additional IT/Services,"Manual check: search ""entry level"" openings",Manual check required,N/A,https://careers.nttdata.com/search/?q=entry+level,Not specified,
NTT Data,Additional IT/Services,"Manual check: search ""fresher"" openings",Manual check required,N/A,https://careers.nttdata.com/search/?q=fresher,Not specified,
NTT Data,Additional IT/Services,"Manual check: search ""early career"" openings",Manual check required,N/A,https://careers.nttdata.com/search/?q=early+career,Not specified,
NTT Data,Additional IT/Services,"Manual check: search ""new grad"" openings",Manual check required,N/A,https://careers.nttdata.com/search/?q=new+grad,Not specified,
Persistent Systems,Additional IT/Services,"Manual check: search ""intern"" openings",Manual check required,N/A,https://careers.persistent.com/,Not specified,
ThoughtWorks,Additional IT/Services,"Manual check: search ""intern"" openings",Manual check required,N/A,https://www.thoughtworks.com/careers/jobs,Not specified,
Tiger Analytics,Additional IT/Services,"Manual check: search ""intern"" openings",Manual check required,N/A,https://www.tigeranalytics.com/careers/,Not specified,
Virtusa,Additional IT/Services,"Manual check: search ""intern"" openings",Manual check required,N/A,https://www.virtusa.com/careers/search,Not specified,
ZS Associates,Additional IT/Services,"Manual check: search ""intern"" openings",Manual check required,N/A,https://jobs.zs.com/search/?q=intern,Not specified,
ZS Associates,Additional IT/Services,"Manual check: search ""internship"" openings",Manual check required,N/A,https://jobs.zs.com/search/?q=internship,Not specified,
ZS Associates,Additional IT/Services,"Manual check: search ""graduate"" openings",Manual check required,N/A,https://jobs.zs.com/search/?q=graduate,Not specified,
ZS Associates,Additional IT/Services,"Manual check: search ""entry level"" openings",Manual check required,N/A,https://jobs.zs.com/search/?q=entry+level,Not specified,
ZS Associates,Additional IT/Services,"Manual check: search ""fresher"" openings",Manual check required,N/A,https://jobs.zs.com/search/?q=fresher,Not specified,
ZS Associates,Additional IT/Services,"Manual check: search ""early career"" openings",Manual check required,N/A,https://jobs.zs.com/search/?q=early+career,Not specified,
ZS Associates,Additional IT/Services,"Manual check: search ""new grad"" openings",Manual check required,N/A,https://jobs.zs.com/search/?q=new+grad,Not specified,
Zensar,Additional IT/Services,"Manual check: search ""intern"" openings",Manual check required,N/A,https://www.zensar.com/careers,Not specified,
Ather Energy,Automotive / Mfg,"Manual check: search ""intern"" openings",Manual check required,N/A,https://www.atherenergy.com/careers,Not specified,
BMW,Automotive / Mfg,"Manual check: search ""intern"" openings",Manual check required,N/A,https://www.bmwgroup.jobs/in/en.html,Not specified,
Bajaj Auto,Automotive / Mfg,"Manual check: search ""intern"" openings",Manual check required,N/A,https://www.bajajauto.com/careers,Not specified,
Boeing,Automotive / Mfg,"Manual check: search ""intern"" openings",Manual check required,N/A,https://jobs.boeing.com/search-jobs?k=intern,Not specified,
Boeing,Automotive / Mfg,"Manual check: search ""internship"" openings",Manual check required,N/A,https://jobs.boeing.com/search-jobs?k=internship,Not specified,
Boeing,Automotive / Mfg,"Manual check: search ""graduate"" openings",Manual check required,N/A,https://jobs.boeing.com/search-jobs?k=graduate,Not specified,
Boeing,Automotive / Mfg,"Manual check: search ""entry level"" openings",Manual check required,N/A,https://jobs.boeing.com/search-jobs?k=entry+level,Not specified,
Boeing,Automotive / Mfg,"Manual check: search ""fresher"" openings",Manual check required,N/A,https://jobs.boeing.com/search-jobs?k=fresher,Not specified,
Boeing,Automotive / Mfg,"Manual check: search ""early career"" openings",Manual check required,N/A,https://jobs.boeing.com/search-jobs?k=early+career,Not specified,
Boeing,Automotive / Mfg,"Manual check: search ""new grad"" openings",Manual check required,N/A,https://jobs.boeing.com/search-jobs?k=new+grad,Not specified,
Daimler,Automotive / Mfg,"Manual check: search ""intern"" openings",Manual check required,N/A,https://jobs.daimlertruck.com/,Not specified,
Ford,Automotive / Mfg,"Manual check: search ""intern"" openings",Manual check required,N/A,https://corporate.ford.com/careers.html,Not specified,
General Motors,Automotive / Mfg,"Manual check: search ""intern"" openings",Manual check required,N/A,https://search-careers.gm.com/jobs/search?q=intern,Not specified,
General Motors,Automotive / Mfg,"Manual check: search ""internship"" openings",Manual check required,N/A,https://search-careers.gm.com/jobs/search?q=internship,Not specified,
General Motors,Automotive / Mfg,"Manual check: search ""graduate"" openings",Manual check required,N/A,https://search-careers.gm.com/jobs/search?q=graduate,Not specified,
General Motors,Automotive / Mfg,"Manual check: search ""entry level"" openings",Manual check required,N/A,https://search-careers.gm.com/jobs/search?q=entry+level,Not specified,
General Motors,Automotive / Mfg,"Manual check: search ""fresher"" openings",Manual check required,N/A,https://search-careers.gm.com/jobs/search?q=fresher,Not specified,
General Motors,Automotive / Mfg,"Manual check: search ""early career"" openings",Manual check required,N/A,https://search-careers.gm.com/jobs/search?q=early+career,Not specified,
General Motors,Automotive / Mfg,"Manual check: search ""new grad"" openings",Manual check required,N/A,https://search-careers.gm.com/jobs/search?q=new+grad,Not specified,
Hero MotoCorp,Automotive / Mfg,"Manual check: search ""intern"" openings",Manual check required,N/A,https://www.heromotocorp.com/en-in/careers.html,Not specified,
Hyundai Motor India,Automotive / Mfg,"Manual check: search ""intern"" openings",Manual check required,N/A,https://www.hyundai.com/in/en/about-us/careers,Not specified,
Lockheed Martin,Automotive / Mfg,"Manual check: search ""intern"" openings",Manual check required,N/A,https://www.lockheedmartinjobs.com/search-jobs/intern,Not specified,
Lockheed Martin,Automotive / Mfg,"Manual check: search ""internship"" openings",Manual check required,N/A,https://www.lockheedmartinjobs.com/search-jobs/internship,Not specified,
Lockheed Martin,Automotive / Mfg,"Manual check: search ""graduate"" openings",Manual check required,N/A,https://www.lockheedmartinjobs.com/search-jobs/graduate,Not specified,
Lockheed Martin,Automotive / Mfg,"Manual check: search ""entry level"" openings",Manual check required,N/A,https://www.lockheedmartinjobs.com/search-jobs/entry+level,Not specified,
Lockheed Martin,Automotive / Mfg,"Manual check: search ""fresher"" openings",Manual check required,N/A,https://www.lockheedmartinjobs.com/search-jobs/fresher,Not specified,
Lockheed Martin,Automotive / Mfg,"Manual check: search ""early career"" openings",Manual check required,N/A,https://www.lockheedmartinjobs.com/search-jobs/early+career,Not specified,
Lockheed Martin,Automotive / Mfg,"Manual check: search ""new grad"" openings",Manual check required,N/A,https://www.lockheedmartinjobs.com/search-jobs/new+grad,Not specified,
Mahindra,Automotive / Mfg,"Manual check: search ""intern"" openings",Manual check required,N/A,https://jobs.mahindra.com/,Not specified,
Maruti Suzuki,Automotive / Mfg,"Manual check: search ""intern"" openings",Manual check required,N/A,https://www.marutisuzuki.com/corporate/careers,Not specified,
Ola Electric,Automotive / Mfg,"Manual check: search ""intern"" openings",Manual check required,N/A,https://olaelectric.com/careers,Not specified,
Renault Nissan,Automotive / Mfg,"Manual check: search ""intern"" openings",Manual check required,N/A,https://www.rnti.co.in/careers,Not specified,
Rolls-Royce,Automotive / Mfg,"Manual check: search ""intern"" openings",Manual check required,N/A,https://careers.rolls-royce.com/,Not specified,
Stellantis,Automotive / Mfg,"Manual check: search ""intern"" openings",Manual check required,N/A,https://careers.stellantis.com/global/en/search-results?keywords=intern,Not specified,
Stellantis,Automotive / Mfg,"Manual check: search ""internship"" openings",Manual check required,N/A,https://careers.stellantis.com/global/en/search-results?keywords=internship,Not specified,
Stellantis,Automotive / Mfg,"Manual check: search ""graduate"" openings",Manual check required,N/A,https://careers.stellantis.com/global/en/search-results?keywords=graduate,Not specified,
Stellantis,Automotive / Mfg,"Manual check: search ""entry level"" openings",Manual check required,N/A,https://careers.stellantis.com/global/en/search-results?keywords=entry+level,Not specified,
Stellantis,Automotive / Mfg,"Manual check: search ""fresher"" openings",Manual check required,N/A,https://careers.stellantis.com/global/en/search-results?keywords=fresher,Not specified,
Stellantis,Automotive / Mfg,"Manual check: search ""early career"" openings",Manual check required,N/A,https://careers.stellantis.com/global/en/search-results?keywords=early+career,Not specified,
Stellantis,Automotive / Mfg,"Manual check: search ""new grad"" openings",Manual check required,N/A,https://careers.stellantis.com/global/en/search-results?keywords=new+grad,Not specified,
TVS Motor,Automotive / Mfg,"Manual check: search ""intern"" openings",Manual check required,N/A,https://www.tvsmotor.com/careers,Not specified,
Tata Motors,Automotive / Mfg,"Manual check: search ""intern"" openings",Manual check required,N/A,https://www.tatamotors.com/careers/,Not specified,
Toyota,Automotive / Mfg,"Manual check: search ""intern"" openings",Manual check required,N/A,https://www.toyotabharat.com/careers/,Not specified,
Volvo,Automotive / Mfg,"Manual check: search ""intern"" openings",Manual check required,N/A,https://www.volvogroup.com/en/careers/job-search.html?q=intern,Not specified,
Volvo,Automotive / Mfg,"Manual check: search ""internship"" openings",Manual check required,N/A,https://www.volvogroup.com/en/careers/job-search.html?q=internship,Not specified,
Volvo,Automotive / Mfg,"Manual check: search ""graduate"" openings",Manual check required,N/A,https://www.volvogroup.com/en/careers/job-search.html?q=graduate,Not specified,
Volvo,Automotive / Mfg,"Manual check: search ""entry level"" openings",Manual check required,N/A,https://www.volvogroup.com/en/careers/job-search.html?q=entry+level,Not specified,
Volvo,Automotive / Mfg,"Manual check: search ""fresher"" openings",Manual check required,N/A,https://www.volvogroup.com/en/careers/job-search.html?q=fresher,Not specified,
Volvo,Automotive / Mfg,"Manual check: search ""early career"" openings",Manual check required,N/A,https://www.volvogroup.com/en/careers/job-search.html?q=early+career,Not specified,
Volvo,Automotive / Mfg,"Manual check: search ""new grad"" openings",Manual check required,N/A,https://www.volvogroup.com/en/careers/job-search.html?q=new+grad,Not specified,
BCG,BFSI / Finance,"Manual check: search ""intern"" openings",Manual check required,N/A,https://careers.bcg.com/search-results?keywords=intern,Not specified,
BCG,BFSI / Finance,"Manual check: search ""internship"" openings",Manual check required,N/A,https://careers.bcg.com/search-results?keywords=internship,Not specified,
BCG,BFSI / Finance,"Manual check: search ""graduate"" openings",Manual check required,N/A,https://careers.bcg.com/search-results?keywords=graduate,Not specified,
BCG,BFSI / Finance,"Manual check: search ""entry level"" openings",Manual check required,N/A,https://careers.bcg.com/search-results?keywords=entry+level,Not specified,
BCG,BFSI / Finance,"Manual check: search ""fresher"" openings",Manual check required,N/A,https://careers.bcg.com/search-results?keywords=fresher,Not specified,
BCG,BFSI / Finance,"Manual check: search ""early career"" openings",Manual check required,N/A,https://careers.bcg.com/search-results?keywords=early+career,Not specified,
BCG,BFSI / Finance,"Manual check: search ""new grad"" openings",Manual check required,N/A,https://careers.bcg.com/search-results?keywords=new+grad,Not specified,
Bain & Company,BFSI / Finance,"Manual check: search ""intern"" openings",Manual check required,N/A,https://www.bain.com/careers/,Not specified,
Bank of America,BFSI / Finance,"Manual check: search ""intern"" openings",Manual check required,N/A,https://careers.bankofamerica.com/en-us/job-search?search=intern,Not specified,
Bank of America,BFSI / Finance,"Manual check: search ""internship"" openings",Manual check required,N/A,https://careers.bankofamerica.com/en-us/job-search?search=internship,Not specified,
Bank of America,BFSI / Finance,"Manual check: search ""graduate"" openings",Manual check required,N/A,https://careers.bankofamerica.com/en-us/job-search?search=graduate,Not specified,
Bank of America,BFSI / Finance,"Manual check: search ""entry level"" openings",Manual check required,N/A,https://careers.bankofamerica.com/en-us/job-search?search=entry+level,Not specified,
Bank of America,BFSI / Finance,"Manual check: search ""fresher"" openings",Manual check required,N/A,https://careers.bankofamerica.com/en-us/job-search?search=fresher,Not specified,
Bank of America,BFSI / Finance,"Manual check: search ""early career"" openings",Manual check required,N/A,https://careers.bankofamerica.com/en-us/job-search?search=early+career,Not specified,
Bank of America,BFSI / Finance,"Manual check: search ""new grad"" openings",Manual check required,N/A,https://careers.bankofamerica.com/en-us/job-search?search=new+grad,Not specified,
Barclays,BFSI / Finance,"Manual check: search ""intern"" openings",Manual check required,N/A,https://search.jobs.barclays/job-search-results?keyword=intern,Not specified,
Barclays,BFSI / Finance,"Manual check: search ""internship"" openings",Manual check required,N/A,https://search.jobs.barclays/job-search-results?keyword=internship,Not specified,
Barclays,BFSI / Finance,"Manual check: search ""graduate"" openings",Manual check required,N/A,https://search.jobs.barclays/job-search-results?keyword=graduate,Not specified,
Barclays,BFSI / Finance,"Manual check: search ""entry level"" openings",Manual check required,N/A,https://search.jobs.barclays/job-search-results?keyword=entry+level,Not specified,
Barclays,BFSI / Finance,"Manual check: search ""fresher"" openings",Manual check required,N/A,https://search.jobs.barclays/job-search-results?keyword=fresher,Not specified,
Barclays,BFSI / Finance,"Manual check: search ""early career"" openings",Manual check required,N/A,https://search.jobs.barclays/job-search-results?keyword=early+career,Not specified,
Barclays,BFSI / Finance,"Manual check: search ""new grad"" openings",Manual check required,N/A,https://search.jobs.barclays/job-search-results?keyword=new+grad,Not specified,
Citi,BFSI / Finance,"Manual check: search ""intern"" openings",Manual check required,N/A,https://jobs.citi.com/search-jobs?k=intern,Not specified,
Citi,BFSI / Finance,"Manual check: search ""internship"" openings",Manual check required,N/A,https://jobs.citi.com/search-jobs?k=internship,Not specified,
Citi,BFSI / Finance,"Manual check: search ""graduate"" openings",Manual check required,N/A,https://jobs.citi.com/search-jobs?k=graduate,Not specified,
Citi,BFSI / Finance,"Manual check: search ""entry level"" openings",Manual check required,N/A,https://jobs.citi.com/search-jobs?k=entry+level,Not specified,
Citi,BFSI / Finance,"Manual check: search ""fresher"" openings",Manual check required,N/A,https://jobs.citi.com/search-jobs?k=fresher,Not specified,
Citi,BFSI / Finance,"Manual check: search ""early career"" openings",Manual check required,N/A,https://jobs.citi.com/search-jobs?k=early+career,Not specified,
Citi,BFSI / Finance,"Manual check: search ""new grad"" openings",Manual check required,N/A,https://jobs.citi.com/search-jobs?k=new+grad,Not specified,
DE Shaw,BFSI / Finance,"Manual check: search ""intern"" openings",Manual check required,N/A,https://www.deshaw.com/careers,Not specified,
EY,BFSI / Finance,"Manual check: search ""intern"" openings",Manual check required,N/A,https://careers.ey.com/ey/search/?q=intern,Not specified,
EY,BFSI / Finance,"Manual check: search ""internship"" openings",Manual check required,N/A,https://careers.ey.com/ey/search/?q=internship,Not specified,
EY,BFSI / Finance,"Manual check: search ""graduate"" openings",Manual check required,N/A,https://careers.ey.com/ey/search/?q=graduate,Not specified,
EY,BFSI / Finance,"Manual check: search ""entry level"" openings",Manual check required,N/A,https://careers.ey.com/ey/search/?q=entry+level,Not specified,
EY,BFSI / Finance,"Manual check: search ""fresher"" openings",Manual check required,N/A,https://careers.ey.com/ey/search/?q=fresher,Not specified,
EY,BFSI / Finance,"Manual check: search ""early career"" openings",Manual check required,N/A,https://careers.ey.com/ey/search/?q=early+career,Not specified,
EY,BFSI / Finance,"Manual check: search ""new grad"" openings",Manual check required,N/A,https://careers.ey.com/ey/search/?q=new+grad,Not specified,
Fidelity,BFSI / Finance,"Manual check: search ""intern"" openings",Manual check required,N/A,https://jobs.fidelity.com/search-jobs/?k=intern,Not specified,
Fidelity,BFSI / Finance,"Manual check: search ""internship"" openings",Manual check required,N/A,https://jobs.fidelity.com/search-jobs/?k=internship,Not specified,
Fidelity,BFSI / Finance,"Manual check: search ""graduate"" openings",Manual check required,N/A,https://jobs.fidelity.com/search-jobs/?k=graduate,Not specified,
Fidelity,BFSI / Finance,"Manual check: search ""entry level"" openings",Manual check required,N/A,https://jobs.fidelity.com/search-jobs/?k=entry+level,Not specified,
Fidelity,BFSI / Finance,"Manual check: search ""fresher"" openings",Manual check required,N/A,https://jobs.fidelity.com/search-jobs/?k=fresher,Not specified,
Fidelity,BFSI / Finance,"Manual check: search ""early career"" openings",Manual check required,N/A,https://jobs.fidelity.com/search-jobs/?k=early+career,Not specified,
Fidelity,BFSI / Finance,"Manual check: search ""new grad"" openings",Manual check required,N/A,https://jobs.fidelity.com/search-jobs/?k=new+grad,Not specified,
Goldman Sachs,BFSI / Finance,"Manual check: search ""intern"" openings",Manual check required,N/A,https://careers.gs.com/jobs?keyword=intern,Not specified,
Goldman Sachs,BFSI / Finance,"Manual check: search ""internship"" openings",Manual check required,N/A,https://careers.gs.com/jobs?keyword=internship,Not specified,
Goldman Sachs,BFSI / Finance,"Manual check: search ""graduate"" openings",Manual check required,N/A,https://careers.gs.com/jobs?keyword=graduate,Not specified,
Goldman Sachs,BFSI / Finance,"Manual check: search ""entry level"" openings",Manual check required,N/A,https://careers.gs.com/jobs?keyword=entry+level,Not specified,
Goldman Sachs,BFSI / Finance,"Manual check: search ""fresher"" openings",Manual check required,N/A,https://careers.gs.com/jobs?keyword=fresher,Not specified,
Goldman Sachs,BFSI / Finance,"Manual check: search ""early career"" openings",Manual check required,N/A,https://careers.gs.com/jobs?keyword=early+career,Not specified,
Goldman Sachs,BFSI / Finance,"Manual check: search ""new grad"" openings",Manual check required,N/A,https://careers.gs.com/jobs?keyword=new+grad,Not specified,
HDFC Bank,BFSI / Finance,"Manual check: search ""intern"" openings",Manual check required,N/A,https://hdfcbank.careers.zwayam.com/job-search,Not specified,
ICICI Bank,BFSI / Finance,"Manual check: search ""intern"" openings",Manual check required,N/A,https://www.icicicareers.com/Careers/JobSearch.aspx,Not specified,
JPMorgan Chase,BFSI / Finance,"Manual check: search ""intern"" openings",Manual check required,N/A,https://jpmc.fa.oraclecloud.com/hcmUI/CandidateExperience/en/sites/CX_1001/requisitions?keyword=intern,Not specified,
JPMorgan Chase,BFSI / Finance,"Manual check: search ""internship"" openings",Manual check required,N/A,https://jpmc.fa.oraclecloud.com/hcmUI/CandidateExperience/en/sites/CX_1001/requisitions?keyword=internship,Not specified,
JPMorgan Chase,BFSI / Finance,"Manual check: search ""graduate"" openings",Manual check required,N/A,https://jpmc.fa.oraclecloud.com/hcmUI/CandidateExperience/en/sites/CX_1001/requisitions?keyword=graduate,Not specified,
JPMorgan Chase,BFSI / Finance,"Manual check: search ""entry level"" openings",Manual check required,N/A,https://jpmc.fa.oraclecloud.com/hcmUI/CandidateExperience/en/sites/CX_1001/requisitions?keyword=entry+level,Not specified,
JPMorgan Chase,BFSI / Finance,"Manual check: search ""fresher"" openings",Manual check required,N/A,https://jpmc.fa.oraclecloud.com/hcmUI/CandidateExperience/en/sites/CX_1001/requisitions?keyword=fresher,Not specified,
JPMorgan Chase,BFSI / Finance,"Manual check: search ""early career"" openings",Manual check required,N/A,https://jpmc.fa.oraclecloud.com/hcmUI/CandidateExperience/en/sites/CX_1001/requisitions?keyword=early+career,Not specified,
JPMorgan Chase,BFSI / Finance,"Manual check: search ""new grad"" openings",Manual check required,N/A,https://jpmc.fa.oraclecloud.com/hcmUI/CandidateExperience/en/sites/CX_1001/requisitions?keyword=new+grad,Not specified,
KPMG,BFSI / Finance,"Manual check: search ""intern"" openings",Manual check required,N/A,https://home.kpmg/in/en/home/careers.html,Not specified,
McKinsey,BFSI / Finance,"Manual check: search ""intern"" openings",Manual check required,N/A,https://www.mckinsey.com/careers/search-jobs?q=intern,Not specified,
McKinsey,BFSI / Finance,"Manual check: search ""internship"" openings",Manual check required,N/A,https://www.mckinsey.com/careers/search-jobs?q=internship,Not specified,
McKinsey,BFSI / Finance,"Manual check: search ""graduate"" openings",Manual check required,N/A,https://www.mckinsey.com/careers/search-jobs?q=graduate,Not specified,
McKinsey,BFSI / Finance,"Manual check: search ""entry level"" openings",Manual check required,N/A,https://www.mckinsey.com/careers/search-jobs?q=entry+level,Not specified,
McKinsey,BFSI / Finance,"Manual check: search ""fresher"" openings",Manual check required,N/A,https://www.mckinsey.com/careers/search-jobs?q=fresher,Not specified,
McKinsey,BFSI / Finance,"Manual check: search ""early career"" openings",Manual check required,N/A,https://www.mckinsey.com/careers/search-jobs?q=early+career,Not specified,
McKinsey,BFSI / Finance,"Manual check: search ""new grad"" openings",Manual check required,N/A,https://www.mckinsey.com/careers/search-jobs?q=new+grad,Not specified,
Morgan Stanley,BFSI / Finance,"Manual check: search ""intern"" openings",Manual check required,N/A,https://ms.taleo.net/careersection/2/jobsearch.ftl?keyword=intern,Not specified,
Morgan Stanley,BFSI / Finance,"Manual check: search ""internship"" openings",Manual check required,N/A,https://ms.taleo.net/careersection/2/jobsearch.ftl?keyword=internship,Not specified,
Morgan Stanley,BFSI / Finance,"Manual check: search ""graduate"" openings",Manual check required,N/A,https://ms.taleo.net/careersection/2/jobsearch.ftl?keyword=graduate,Not specified,
Morgan Stanley,BFSI / Finance,"Manual check: search ""entry level"" openings",Manual check required,N/A,https://ms.taleo.net/careersection/2/jobsearch.ftl?keyword=entry+level,Not specified,
Morgan Stanley,BFSI / Finance,"Manual check: search ""fresher"" openings",Manual check required,N/A,https://ms.taleo.net/careersection/2/jobsearch.ftl?keyword=fresher,Not specified,
Morgan Stanley,BFSI / Finance,"Manual check: search ""early career"" openings",Manual check required,N/A,https://ms.taleo.net/careersection/2/jobsearch.ftl?keyword=early+career,Not specified,
Morgan Stanley,BFSI / Finance,"Manual check: search ""new grad"" openings",Manual check required,N/A,https://ms.taleo.net/careersection/2/jobsearch.ftl?keyword=new+grad,Not specified,
Standard Chartered,BFSI / Finance,"Manual check: search ""intern"" openings",Manual check required,N/A,https://sc.taleo.net/careersection/sc1/jobsearch.ftl?keyword=intern,Not specified,
Standard Chartered,BFSI / Finance,"Manual check: search ""internship"" openings",Manual check required,N/A,https://sc.taleo.net/careersection/sc1/jobsearch.ftl?keyword=internship,Not specified,
Standard Chartered,BFSI / Finance,"Manual check: search ""graduate"" openings",Manual check required,N/A,https://sc.taleo.net/careersection/sc1/jobsearch.ftl?keyword=graduate,Not specified,
Standard Chartered,BFSI / Finance,"Manual check: search ""entry level"" openings",Manual check required,N/A,https://sc.taleo.net/careersection/sc1/jobsearch.ftl?keyword=entry+level,Not specified,
Standard Chartered,BFSI / Finance,"Manual check: search ""fresher"" openings",Manual check required,N/A,https://sc.taleo.net/careersection/sc1/jobsearch.ftl?keyword=fresher,Not specified,
Standard Chartered,BFSI / Finance,"Manual check: search ""early career"" openings",Manual check required,N/A,https://sc.taleo.net/careersection/sc1/jobsearch.ftl?keyword=early+career,Not specified,
Standard Chartered,BFSI / Finance,"Manual check: search ""new grad"" openings",Manual check required,N/A,https://sc.taleo.net/careersection/sc1/jobsearch.ftl?keyword=new+grad,Not specified,
Wells Fargo,BFSI / Finance,"Manual check: search ""intern"" openings",Manual check required,N/A,https://www.wellsfargojobs.com/en/jobs/?search=intern&location=India,Not specified,
Wells Fargo,BFSI / Finance,"Manual check: search ""internship"" openings",Manual check required,N/A,https://www.wellsfargojobs.com/en/jobs/?search=internship&location=India,Not specified,
Wells Fargo,BFSI / Finance,"Manual check: search ""graduate"" openings",Manual check required,N/A,https://www.wellsfargojobs.com/en/jobs/?search=graduate&location=India,Not specified,
Wells Fargo,BFSI / Finance,"Manual check: search ""entry level"" openings",Manual check required,N/A,https://www.wellsfargojobs.com/en/jobs/?search=entry+level&location=India,Not specified,
Wells Fargo,BFSI / Finance,"Manual check: search ""fresher"" openings",Manual check required,N/A,https://www.wellsfargojobs.com/en/jobs/?search=fresher&location=India,Not specified,
Wells Fargo,BFSI / Finance,"Manual check: search ""early career"" openings",Manual check required,N/A,https://www.wellsfargojobs.com/en/jobs/?search=early+career&location=India,Not specified,
Wells Fargo,BFSI / Finance,"Manual check: search ""new grad"" openings",Manual check required,N/A,https://www.wellsfargojobs.com/en/jobs/?search=new+grad&location=India,Not specified,
AMD,IT / Tech,"Manual check: search ""intern"" openings",Manual check required,N/A,https://careers.amd.com/careers-home/jobs?keywords=intern,Not specified,
AMD,IT / Tech,"Manual check: search ""internship"" openings",Manual check required,N/A,https://careers.amd.com/careers-home/jobs?keywords=internship,Not specified,
AMD,IT / Tech,"Manual check: search ""graduate"" openings",Manual check required,N/A,https://careers.amd.com/careers-home/jobs?keywords=graduate,Not specified,
AMD,IT / Tech,"Manual check: search ""entry level"" openings",Manual check required,N/A,https://careers.amd.com/careers-home/jobs?keywords=entry+level,Not specified,
AMD,IT / Tech,"Manual check: search ""fresher"" openings",Manual check required,N/A,https://careers.amd.com/careers-home/jobs?keywords=fresher,Not specified,
AMD,IT / Tech,"Manual check: search ""early career"" openings",Manual check required,N/A,https://careers.amd.com/careers-home/jobs?keywords=early+career,Not specified,
AMD,IT / Tech,"Manual check: search ""new grad"" openings",Manual check required,N/A,https://careers.amd.com/careers-home/jobs?keywords=new+grad,Not specified,
Accenture,IT / Tech,"Manual check: search ""intern"" openings",Manual check required,N/A,https://www.accenture.com/in-en/careers/jobsearch?jk=intern,Not specified,
Accenture,IT / Tech,"Manual check: search ""internship"" openings",Manual check required,N/A,https://www.accenture.com/in-en/careers/jobsearch?jk=internship,Not specified,
Accenture,IT / Tech,"Manual check: search ""graduate"" openings",Manual check required,N/A,https://www.accenture.com/in-en/careers/jobsearch?jk=graduate,Not specified,
Accenture,IT / Tech,"Manual check: search ""entry level"" openings",Manual check required,N/A,https://www.accenture.com/in-en/careers/jobsearch?jk=entry+level,Not specified,
Accenture,IT / Tech,"Manual check: search ""fresher"" openings",Manual check required,N/A,https://www.accenture.com/in-en/careers/jobsearch?jk=fresher,Not specified,
Accenture,IT / Tech,"Manual check: search ""early career"" openings",Manual check required,N/A,https://www.accenture.com/in-en/careers/jobsearch?jk=early+career,Not specified,
Accenture,IT / Tech,"Manual check: search ""new grad"" openings",Manual check required,N/A,https://www.accenture.com/in-en/careers/jobsearch?jk=new+grad,Not specified,
Amazon,IT / Tech,Financial Analyst Intern,Internship,"Bengaluru, IND",https://www.amazon.jobs/en/jobs/10498382/financial-analyst-intern,Not specified,"August 11, 2026"
Amazon,IT / Tech,"Financial Analyst Intern, Accounting",Internship,"Bengaluru, IND",https://www.amazon.jobs/en/jobs/10496796/financial-analyst-intern-accounting,Not specified,"August 10, 2026"
Amazon,IT / Tech,"Financial Analyst Intern, Accounting",Internship,"Bengaluru, IND",https://www.amazon.jobs/en/jobs/10496795/financial-analyst-intern-accounting,Not specified,"August 10, 2026"
Amazon,IT / Tech,"Financial Analyst Intern, Accounting",Internship,"Bengaluru, IND",https://www.amazon.jobs/en/jobs/10496797/financial-analyst-intern-accounting,Not specified,"August 10, 2026"
Amazon,IT / Tech,"Financial Analyst Intern, Accounting",Internship,"Bengaluru, IND",https://www.amazon.jobs/en/jobs/10496789/financial-analyst-intern-accounting,Not specified,"August 10, 2026"
Amazon,IT / Tech,"Financial Analyst Intern, GFS FP&A",Internship,"Bengaluru, IND",https://www.amazon.jobs/en/jobs/10489325/financial-analyst-intern-gfs-fp-a,Not specified,"July 31, 2026"
Amazon,IT / Tech,"Financial Analyst Intern, AMZL",Internship,"Bengaluru, IND",https://www.amazon.jobs/en/jobs/10478665/financial-analyst-intern-amzl,Not specified,"July 20, 2026"
Amazon,IT / Tech,"Financial Analyst Intern, Accounting",Internship,"Bengaluru, IND",https://www.amazon.jobs/en/jobs/10476542/financial-analyst-intern-accounting,Not specified,"July 16, 2026"
Amazon,IT / Tech,"Financial Analyst Intern, Accounting",Internship,"Bengaluru, IND",https://www.amazon.jobs/en/jobs/10476725/financial-analyst-intern-accounting,Not specified,"July 16, 2026"
Amazon,IT / Tech,"Financial Analyst Intern, Accounting",Internship,"Bengaluru, IND",https://www.amazon.jobs/en/jobs/10432799/financial-analyst-intern-accounting,Not specified,"May 28, 2026"
Apple Inc.,IT / Tech,"Manual check: search ""intern"" openings",Manual check required,N/A,https://jobs.apple.com/en-us/search?search-term=intern,Not specified,
Apple Inc.,IT / Tech,"Manual check: search ""internship"" openings",Manual check required,N/A,https://jobs.apple.com/en-us/search?search-term=internship,Not specified,
Apple Inc.,IT / Tech,"Manual check: search ""graduate"" openings",Manual check required,N/A,https://jobs.apple.com/en-us/search?search-term=graduate,Not specified,
Apple Inc.,IT / Tech,"Manual check: search ""entry level"" openings",Manual check required,N/A,https://jobs.apple.com/en-us/search?search-term=entry+level,Not specified,
Apple Inc.,IT / Tech,"Manual check: search ""fresher"" openings",Manual check required,N/A,https://jobs.apple.com/en-us/search?search-term=fresher,Not specified,
Apple Inc.,IT / Tech,"Manual check: search ""early career"" openings",Manual check required,N/A,https://jobs.apple.com/en-us/search?search-term=early+career,Not specified,
Apple Inc.,IT / Tech,"Manual check: search ""new grad"" openings",Manual check required,N/A,https://jobs.apple.com/en-us/search?search-term=new+grad,Not specified,
Atlassian,IT / Tech,"Manual check: search ""intern"" openings",Manual check required,N/A,https://www.atlassian.com/company/careers,Not specified,
Capgemini,IT / Tech,"Manual check: search ""intern"" openings",Manual check required,N/A,https://www.capgemini.com/in-en/careers/job-search/?keyword=intern,Not specified,
Capgemini,IT / Tech,"Manual check: search ""internship"" openings",Manual check required,N/A,https://www.capgemini.com/in-en/careers/job-search/?keyword=internship,Not specified,
Capgemini,IT / Tech,"Manual check: search ""graduate"" openings",Manual check required,N/A,https://www.capgemini.com/in-en/careers/job-search/?keyword=graduate,Not specified,
Capgemini,IT / Tech,"Manual check: search ""entry level"" openings",Manual check required,N/A,https://www.capgemini.com/in-en/careers/job-search/?keyword=entry+level,Not specified,
Capgemini,IT / Tech,"Manual check: search ""fresher"" openings",Manual check required,N/A,https://www.capgemini.com/in-en/careers/job-search/?keyword=fresher,Not specified,
Capgemini,IT / Tech,"Manual check: search ""early career"" openings",Manual check required,N/A,https://www.capgemini.com/in-en/careers/job-search/?keyword=early+career,Not specified,
Capgemini,IT / Tech,"Manual check: search ""new grad"" openings",Manual check required,N/A,https://www.capgemini.com/in-en/careers/job-search/?keyword=new+grad,Not specified,
Cisco,IT / Tech,"Manual check: search ""intern"" openings",Manual check required,N/A,https://jobs.cisco.com/jobs/SearchJobs/?&q=intern,Not specified,
Cisco,IT / Tech,"Manual check: search ""internship"" openings",Manual check required,N/A,https://jobs.cisco.com/jobs/SearchJobs/?&q=internship,Not specified,
Cisco,IT / Tech,"Manual check: search ""graduate"" openings",Manual check required,N/A,https://jobs.cisco.com/jobs/SearchJobs/?&q=graduate,Not specified,
Cisco,IT / Tech,"Manual check: search ""entry level"" openings",Manual check required,N/A,https://jobs.cisco.com/jobs/SearchJobs/?&q=entry+level,Not specified,
Cisco,IT / Tech,"Manual check: search ""fresher"" openings",Manual check required,N/A,https://jobs.cisco.com/jobs/SearchJobs/?&q=fresher,Not specified,
Cisco,IT / Tech,"Manual check: search ""early career"" openings",Manual check required,N/A,https://jobs.cisco.com/jobs/SearchJobs/?&q=early+career,Not specified,
Cisco,IT / Tech,"Manual check: search ""new grad"" openings",Manual check required,N/A,https://jobs.cisco.com/jobs/SearchJobs/?&q=new+grad,Not specified,
Cognizant,IT / Tech,"Manual check: search ""intern"" openings",Manual check required,N/A,https://careers.cognizant.com/global/en/search-results?keywords=intern,Not specified,
Cognizant,IT / Tech,"Manual check: search ""internship"" openings",Manual check required,N/A,https://careers.cognizant.com/global/en/search-results?keywords=internship,Not specified,
Cognizant,IT / Tech,"Manual check: search ""graduate"" openings",Manual check required,N/A,https://careers.cognizant.com/global/en/search-results?keywords=graduate,Not specified,
Cognizant,IT / Tech,"Manual check: search ""entry level"" openings",Manual check required,N/A,https://careers.cognizant.com/global/en/search-results?keywords=entry+level,Not specified,
Cognizant,IT / Tech,"Manual check: search ""fresher"" openings",Manual check required,N/A,https://careers.cognizant.com/global/en/search-results?keywords=fresher,Not specified,
Cognizant,IT / Tech,"Manual check: search ""early career"" openings",Manual check required,N/A,https://careers.cognizant.com/global/en/search-results?keywords=early+career,Not specified,
Cognizant,IT / Tech,"Manual check: search ""new grad"" openings",Manual check required,N/A,https://careers.cognizant.com/global/en/search-results?keywords=new+grad,Not specified,
Dell,IT / Tech,"Manual check: search ""intern"" openings",Manual check required,N/A,https://jobs.dell.com/search-jobs?k=intern,Not specified,
Dell,IT / Tech,"Manual check: search ""internship"" openings",Manual check required,N/A,https://jobs.dell.com/search-jobs?k=internship,Not specified,
Dell,IT / Tech,"Manual check: search ""graduate"" openings",Manual check required,N/A,https://jobs.dell.com/search-jobs?k=graduate,Not specified,
Dell,IT / Tech,"Manual check: search ""entry level"" openings",Manual check required,N/A,https://jobs.dell.com/search-jobs?k=entry+level,Not specified,
Dell,IT / Tech,"Manual check: search ""fresher"" openings",Manual check required,N/A,https://jobs.dell.com/search-jobs?k=fresher,Not specified,
Dell,IT / Tech,"Manual check: search ""early career"" openings",Manual check required,N/A,https://jobs.dell.com/search-jobs?k=early+career,Not specified,
Dell,IT / Tech,"Manual check: search ""new grad"" openings",Manual check required,N/A,https://jobs.dell.com/search-jobs?k=new+grad,Not specified,
Deloitte,IT / Tech,"Manual check: search ""intern"" openings",Manual check required,N/A,https://southasiacareers.deloitte.com/search/?q=intern,Not specified,
Deloitte,IT / Tech,"Manual check: search ""internship"" openings",Manual check required,N/A,https://southasiacareers.deloitte.com/search/?q=internship,Not specified,
Deloitte,IT / Tech,"Manual check: search ""graduate"" openings",Manual check required,N/A,https://southasiacareers.deloitte.com/search/?q=graduate,Not specified,
Deloitte,IT / Tech,"Manual check: search ""entry level"" openings",Manual check required,N/A,https://southasiacareers.deloitte.com/search/?q=entry+level,Not specified,
Deloitte,IT / Tech,"Manual check: search ""fresher"" openings",Manual check required,N/A,https://southasiacareers.deloitte.com/search/?q=fresher,Not specified,
Deloitte,IT / Tech,"Manual check: search ""early career"" openings",Manual check required,N/A,https://southasiacareers.deloitte.com/search/?q=early+career,Not specified,
Deloitte,IT / Tech,"Manual check: search ""new grad"" openings",Manual check required,N/A,https://southasiacareers.deloitte.com/search/?q=new+grad,Not specified,
Google,IT / Tech,"Manual check: search ""intern"" openings",Manual check required,N/A,https://www.google.com/about/careers/applications/jobs/results/?q=intern,Not specified,
Google,IT / Tech,"Manual check: search ""internship"" openings",Manual check required,N/A,https://www.google.com/about/careers/applications/jobs/results/?q=internship,Not specified,
Google,IT / Tech,"Manual check: search ""graduate"" openings",Manual check required,N/A,https://www.google.com/about/careers/applications/jobs/results/?q=graduate,Not specified,
Google,IT / Tech,"Manual check: search ""entry level"" openings",Manual check required,N/A,https://www.google.com/about/careers/applications/jobs/results/?q=entry+level,Not specified,
Google,IT / Tech,"Manual check: search ""fresher"" openings",Manual check required,N/A,https://www.google.com/about/careers/applications/jobs/results/?q=fresher,Not specified,
Google,IT / Tech,"Manual check: search ""early career"" openings",Manual check required,N/A,https://www.google.com/about/careers/applications/jobs/results/?q=early+career,Not specified,
Google,IT / Tech,"Manual check: search ""new grad"" openings",Manual check required,N/A,https://www.google.com/about/careers/applications/jobs/results/?q=new+grad,Not specified,
HCLTech,IT / Tech,"Manual check: search ""intern"" openings",Manual check required,N/A,https://www.hcltech.com/careers/Careers-in-india,Not specified,
HP,IT / Tech,"Manual check: search ""intern"" openings",Manual check required,N/A,https://jobs.hp.com/search-jobs?k=intern,Not specified,
HP,IT / Tech,"Manual check: search ""internship"" openings",Manual check required,N/A,https://jobs.hp.com/search-jobs?k=internship,Not specified,
HP,IT / Tech,"Manual check: search ""graduate"" openings",Manual check required,N/A,https://jobs.hp.com/search-jobs?k=graduate,Not specified,
HP,IT / Tech,"Manual check: search ""entry level"" openings",Manual check required,N/A,https://jobs.hp.com/search-jobs?k=entry+level,Not specified,
HP,IT / Tech,"Manual check: search ""fresher"" openings",Manual check required,N/A,https://jobs.hp.com/search-jobs?k=fresher,Not specified,
HP,IT / Tech,"Manual check: search ""early career"" openings",Manual check required,N/A,https://jobs.hp.com/search-jobs?k=early+career,Not specified,
HP,IT / Tech,"Manual check: search ""new grad"" openings",Manual check required,N/A,https://jobs.hp.com/search-jobs?k=new+grad,Not specified,
IBM,IT / Tech,"Manual check: search ""intern"" openings",Manual check required,N/A,https://www.ibm.com/careers/search?q=intern,Not specified,
IBM,IT / Tech,"Manual check: search ""internship"" openings",Manual check required,N/A,https://www.ibm.com/careers/search?q=internship,Not specified,
IBM,IT / Tech,"Manual check: search ""graduate"" openings",Manual check required,N/A,https://www.ibm.com/careers/search?q=graduate,Not specified,
IBM,IT / Tech,"Manual check: search ""entry level"" openings",Manual check required,N/A,https://www.ibm.com/careers/search?q=entry+level,Not specified,
IBM,IT / Tech,"Manual check: search ""fresher"" openings",Manual check required,N/A,https://www.ibm.com/careers/search?q=fresher,Not specified,
IBM,IT / Tech,"Manual check: search ""early career"" openings",Manual check required,N/A,https://www.ibm.com/careers/search?q=early+career,Not specified,
IBM,IT / Tech,"Manual check: search ""new grad"" openings",Manual check required,N/A,https://www.ibm.com/careers/search?q=new+grad,Not specified,
Infosys,IT / Tech,"Manual check: search ""intern"" openings",Manual check required,N/A,https://career.infosys.com/joblist,Not specified,
Intuit,IT / Tech,"Manual check: search ""intern"" openings",Manual check required,N/A,https://jobs.intuit.com/search-jobs?k=intern,Not specified,
Intuit,IT / Tech,"Manual check: search ""internship"" openings",Manual check required,N/A,https://jobs.intuit.com/search-jobs?k=internship,Not specified,
Intuit,IT / Tech,"Manual check: search ""graduate"" openings",Manual check required,N/A,https://jobs.intuit.com/search-jobs?k=graduate,Not specified,
Intuit,IT / Tech,"Manual check: search ""entry level"" openings",Manual check required,N/A,https://jobs.intuit.com/search-jobs?k=entry+level,Not specified,
Intuit,IT / Tech,"Manual check: search ""fresher"" openings",Manual check required,N/A,https://jobs.intuit.com/search-jobs?k=fresher,Not specified,
Intuit,IT / Tech,"Manual check: search ""early career"" openings",Manual check required,N/A,https://jobs.intuit.com/search-jobs?k=early+career,Not specified,
Intuit,IT / Tech,"Manual check: search ""new grad"" openings",Manual check required,N/A,https://jobs.intuit.com/search-jobs?k=new+grad,Not specified,
Lenovo,IT / Tech,"Manual check: search ""intern"" openings",Manual check required,N/A,https://jobs.lenovo.com/en_US/careers/SearchJobs/?keyword=intern,Not specified,
Lenovo,IT / Tech,"Manual check: search ""internship"" openings",Manual check required,N/A,https://jobs.lenovo.com/en_US/careers/SearchJobs/?keyword=internship,Not specified,
Lenovo,IT / Tech,"Manual check: search ""graduate"" openings",Manual check required,N/A,https://jobs.lenovo.com/en_US/careers/SearchJobs/?keyword=graduate,Not specified,
Lenovo,IT / Tech,"Manual check: search ""entry level"" openings",Manual check required,N/A,https://jobs.lenovo.com/en_US/careers/SearchJobs/?keyword=entry+level,Not specified,
Lenovo,IT / Tech,"Manual check: search ""fresher"" openings",Manual check required,N/A,https://jobs.lenovo.com/en_US/careers/SearchJobs/?keyword=fresher,Not specified,
Lenovo,IT / Tech,"Manual check: search ""early career"" openings",Manual check required,N/A,https://jobs.lenovo.com/en_US/careers/SearchJobs/?keyword=early+career,Not specified,
Lenovo,IT / Tech,"Manual check: search ""new grad"" openings",Manual check required,N/A,https://jobs.lenovo.com/en_US/careers/SearchJobs/?keyword=new+grad,Not specified,
Mastercard,IT / Tech,"Manual check: search ""intern"" openings",Manual check required,N/A,https://careers.mastercard.com/us/en/search-results?keywords=intern,Not specified,
Mastercard,IT / Tech,"Manual check: search ""internship"" openings",Manual check required,N/A,https://careers.mastercard.com/us/en/search-results?keywords=internship,Not specified,
Mastercard,IT / Tech,"Manual check: search ""graduate"" openings",Manual check required,N/A,https://careers.mastercard.com/us/en/search-results?keywords=graduate,Not specified,
Mastercard,IT / Tech,"Manual check: search ""entry level"" openings",Manual check required,N/A,https://careers.mastercard.com/us/en/search-results?keywords=entry+level,Not specified,
Mastercard,IT / Tech,"Manual check: search ""fresher"" openings",Manual check required,N/A,https://careers.mastercard.com/us/en/search-results?keywords=fresher,Not specified,
Mastercard,IT / Tech,"Manual check: search ""early career"" openings",Manual check required,N/A,https://careers.mastercard.com/us/en/search-results?keywords=early+career,Not specified,
Mastercard,IT / Tech,"Manual check: search ""new grad"" openings",Manual check required,N/A,https://careers.mastercard.com/us/en/search-results?keywords=new+grad,Not specified,
Meta Platforms,IT / Tech,"Manual check: search ""intern"" openings",Manual check required,N/A,https://www.metacareers.com/jobs/?q=intern,Not specified,
Meta Platforms,IT / Tech,"Manual check: search ""internship"" openings",Manual check required,N/A,https://www.metacareers.com/jobs/?q=internship,Not specified,
Meta Platforms,IT / Tech,"Manual check: search ""graduate"" openings",Manual check required,N/A,https://www.metacareers.com/jobs/?q=graduate,Not specified,
Meta Platforms,IT / Tech,"Manual check: search ""entry level"" openings",Manual check required,N/A,https://www.metacareers.com/jobs/?q=entry+level,Not specified,
Meta Platforms,IT / Tech,"Manual check: search ""fresher"" openings",Manual check required,N/A,https://www.metacareers.com/jobs/?q=fresher,Not specified,
Meta Platforms,IT / Tech,"Manual check: search ""early career"" openings",Manual check required,N/A,https://www.metacareers.com/jobs/?q=early+career,Not specified,
Meta Platforms,IT / Tech,"Manual check: search ""new grad"" openings",Manual check required,N/A,https://www.metacareers.com/jobs/?q=new+grad,Not specified,
Micron,IT / Tech,"Manual check: search ""intern"" openings",Manual check required,N/A,https://jobs.micron.com/search/?q=intern,Not specified,
Micron,IT / Tech,"Manual check: search ""internship"" openings",Manual check required,N/A,https://jobs.micron.com/search/?q=internship,Not specified,
Micron,IT / Tech,"Manual check: search ""graduate"" openings",Manual check required,N/A,https://jobs.micron.com/search/?q=graduate,Not specified,
Micron,IT / Tech,"Manual check: search ""entry level"" openings",Manual check required,N/A,https://jobs.micron.com/search/?q=entry+level,Not specified,
Micron,IT / Tech,"Manual check: search ""fresher"" openings",Manual check required,N/A,https://jobs.micron.com/search/?q=fresher,Not specified,
Micron,IT / Tech,"Manual check: search ""early career"" openings",Manual check required,N/A,https://jobs.micron.com/search/?q=early+career,Not specified,
Micron,IT / Tech,"Manual check: search ""new grad"" openings",Manual check required,N/A,https://jobs.micron.com/search/?q=new+grad,Not specified,
Microsoft,IT / Tech,"Manual check: search ""intern"" openings",Manual check required,N/A,https://apply.careers.microsoft.com/careers?query=intern&location=India,Not specified,
Microsoft,IT / Tech,"Manual check: search ""internship"" openings",Manual check required,N/A,https://apply.careers.microsoft.com/careers?query=internship&location=India,Not specified,
Microsoft,IT / Tech,"Manual check: search ""graduate"" openings",Manual check required,N/A,https://apply.careers.microsoft.com/careers?query=graduate&location=India,Not specified,
Microsoft,IT / Tech,"Manual check: search ""entry level"" openings",Manual check required,N/A,https://apply.careers.microsoft.com/careers?query=entry+level&location=India,Not specified,
Microsoft,IT / Tech,"Manual check: search ""fresher"" openings",Manual check required,N/A,https://apply.careers.microsoft.com/careers?query=fresher&location=India,Not specified,
Microsoft,IT / Tech,"Manual check: search ""early career"" openings",Manual check required,N/A,https://apply.careers.microsoft.com/careers?query=early+career&location=India,Not specified,
Microsoft,IT / Tech,"Manual check: search ""new grad"" openings",Manual check required,N/A,https://apply.careers.microsoft.com/careers?query=new+grad&location=India,Not specified,
NetApp,IT / Tech,"Manual check: search ""intern"" openings",Manual check required,N/A,https://careers.netapp.com/search-jobs?k=intern,Not specified,
NetApp,IT / Tech,"Manual check: search ""internship"" openings",Manual check required,N/A,https://careers.netapp.com/search-jobs?k=internship,Not specified,
NetApp,IT / Tech,"Manual check: search ""graduate"" openings",Manual check required,N/A,https://careers.netapp.com/search-jobs?k=graduate,Not specified,
NetApp,IT / Tech,"Manual check: search ""entry level"" openings",Manual check required,N/A,https://careers.netapp.com/search-jobs?k=entry+level,Not specified,
NetApp,IT / Tech,"Manual check: search ""fresher"" openings",Manual check required,N/A,https://careers.netapp.com/search-jobs?k=fresher,Not specified,
NetApp,IT / Tech,"Manual check: search ""early career"" openings",Manual check required,N/A,https://careers.netapp.com/search-jobs?k=early+career,Not specified,
NetApp,IT / Tech,"Manual check: search ""new grad"" openings",Manual check required,N/A,https://careers.netapp.com/search-jobs?k=new+grad,Not specified,
Oracle,IT / Tech,"Manual check: search ""intern"" openings",Manual check required,N/A,https://careers.oracle.com/en/sites/jobsearch/jobs?keyword=intern,Not specified,
Oracle,IT / Tech,"Manual check: search ""internship"" openings",Manual check required,N/A,https://careers.oracle.com/en/sites/jobsearch/jobs?keyword=internship,Not specified,
Oracle,IT / Tech,"Manual check: search ""graduate"" openings",Manual check required,N/A,https://careers.oracle.com/en/sites/jobsearch/jobs?keyword=graduate,Not specified,
Oracle,IT / Tech,"Manual check: search ""entry level"" openings",Manual check required,N/A,https://careers.oracle.com/en/sites/jobsearch/jobs?keyword=entry+level,Not specified,
Oracle,IT / Tech,"Manual check: search ""fresher"" openings",Manual check required,N/A,https://careers.oracle.com/en/sites/jobsearch/jobs?keyword=fresher,Not specified,
Oracle,IT / Tech,"Manual check: search ""early career"" openings",Manual check required,N/A,https://careers.oracle.com/en/sites/jobsearch/jobs?keyword=early+career,Not specified,
Oracle,IT / Tech,"Manual check: search ""new grad"" openings",Manual check required,N/A,https://careers.oracle.com/en/sites/jobsearch/jobs?keyword=new+grad,Not specified,
PayPal,IT / Tech,"Manual check: search ""intern"" openings",Manual check required,N/A,https://careers.paypal.com/global/en/search-results?keywords=intern,Not specified,
PayPal,IT / Tech,"Manual check: search ""internship"" openings",Manual check required,N/A,https://careers.paypal.com/global/en/search-results?keywords=internship,Not specified,
PayPal,IT / Tech,"Manual check: search ""graduate"" openings",Manual check required,N/A,https://careers.paypal.com/global/en/search-results?keywords=graduate,Not specified,
PayPal,IT / Tech,"Manual check: search ""entry level"" openings",Manual check required,N/A,https://careers.paypal.com/global/en/search-results?keywords=entry+level,Not specified,
PayPal,IT / Tech,"Manual check: search ""fresher"" openings",Manual check required,N/A,https://careers.paypal.com/global/en/search-results?keywords=fresher,Not specified,
PayPal,IT / Tech,"Manual check: search ""early career"" openings",Manual check required,N/A,https://careers.paypal.com/global/en/search-results?keywords=early+career,Not specified,
PayPal,IT / Tech,"Manual check: search ""new grad"" openings",Manual check required,N/A,https://careers.paypal.com/global/en/search-results?keywords=new+grad,Not specified,
SAP,IT / Tech,"Manual check: search ""intern"" openings",Manual check required,N/A,https://jobs.sap.com/search/?q=intern,Not specified,
SAP,IT / Tech,"Manual check: search ""internship"" openings",Manual check required,N/A,https://jobs.sap.com/search/?q=internship,Not specified,
SAP,IT / Tech,"Manual check: search ""graduate"" openings",Manual check required,N/A,https://jobs.sap.com/search/?q=graduate,Not specified,
SAP,IT / Tech,"Manual check: search ""entry level"" openings",Manual check required,N/A,https://jobs.sap.com/search/?q=entry+level,Not specified,
SAP,IT / Tech,"Manual check: search ""fresher"" openings",Manual check required,N/A,https://jobs.sap.com/search/?q=fresher,Not specified,
SAP,IT / Tech,"Manual check: search ""early career"" openings",Manual check required,N/A,https://jobs.sap.com/search/?q=early+career,Not specified,
SAP,IT / Tech,"Manual check: search ""new grad"" openings",Manual check required,N/A,https://jobs.sap.com/search/?q=new+grad,Not specified,
ServiceNow,IT / Tech,"Manual check: search ""intern"" openings",Manual check required,N/A,https://careers.servicenow.com/careers/jobs?keyword=intern,Not specified,
ServiceNow,IT / Tech,"Manual check: search ""internship"" openings",Manual check required,N/A,https://careers.servicenow.com/careers/jobs?keyword=internship,Not specified,
ServiceNow,IT / Tech,"Manual check: search ""graduate"" openings",Manual check required,N/A,https://careers.servicenow.com/careers/jobs?keyword=graduate,Not specified,
ServiceNow,IT / Tech,"Manual check: search ""entry level"" openings",Manual check required,N/A,https://careers.servicenow.com/careers/jobs?keyword=entry+level,Not specified,
ServiceNow,IT / Tech,"Manual check: search ""fresher"" openings",Manual check required,N/A,https://careers.servicenow.com/careers/jobs?keyword=fresher,Not specified,
ServiceNow,IT / Tech,"Manual check: search ""early career"" openings",Manual check required,N/A,https://careers.servicenow.com/careers/jobs?keyword=early+career,Not specified,
ServiceNow,IT / Tech,"Manual check: search ""new grad"" openings",Manual check required,N/A,https://careers.servicenow.com/careers/jobs?keyword=new+grad,Not specified,
TCS,IT / Tech,"Manual check: search ""intern"" openings",Manual check required,N/A,https://ibegin.tcs.com/iBegin/jobs/search?q=intern,Not specified,
TCS,IT / Tech,"Manual check: search ""internship"" openings",Manual check required,N/A,https://ibegin.tcs.com/iBegin/jobs/search?q=internship,Not specified,
TCS,IT / Tech,"Manual check: search ""graduate"" openings",Manual check required,N/A,https://ibegin.tcs.com/iBegin/jobs/search?q=graduate,Not specified,
TCS,IT / Tech,"Manual check: search ""entry level"" openings",Manual check required,N/A,https://ibegin.tcs.com/iBegin/jobs/search?q=entry+level,Not specified,
TCS,IT / Tech,"Manual check: search ""fresher"" openings",Manual check required,N/A,https://ibegin.tcs.com/iBegin/jobs/search?q=fresher,Not specified,
TCS,IT / Tech,"Manual check: search ""early career"" openings",Manual check required,N/A,https://ibegin.tcs.com/iBegin/jobs/search?q=early+career,Not specified,
TCS,IT / Tech,"Manual check: search ""new grad"" openings",Manual check required,N/A,https://ibegin.tcs.com/iBegin/jobs/search?q=new+grad,Not specified,
Tech Mahindra,IT / Tech,"Manual check: search ""intern"" openings",Manual check required,N/A,https://careers.techmahindra.com/,Not specified,
Texas Instruments,IT / Tech,"Manual check: search ""intern"" openings",Manual check required,N/A,https://careers.ti.com/search-jobs/?k=intern,Not specified,
Texas Instruments,IT / Tech,"Manual check: search ""internship"" openings",Manual check required,N/A,https://careers.ti.com/search-jobs/?k=internship,Not specified,
Texas Instruments,IT / Tech,"Manual check: search ""graduate"" openings",Manual check required,N/A,https://careers.ti.com/search-jobs/?k=graduate,Not specified,
Texas Instruments,IT / Tech,"Manual check: search ""entry level"" openings",Manual check required,N/A,https://careers.ti.com/search-jobs/?k=entry+level,Not specified,
Texas Instruments,IT / Tech,"Manual check: search ""fresher"" openings",Manual check required,N/A,https://careers.ti.com/search-jobs/?k=fresher,Not specified,
Texas Instruments,IT / Tech,"Manual check: search ""early career"" openings",Manual check required,N/A,https://careers.ti.com/search-jobs/?k=early+career,Not specified,
Texas Instruments,IT / Tech,"Manual check: search ""new grad"" openings",Manual check required,N/A,https://careers.ti.com/search-jobs/?k=new+grad,Not specified,
VMware / Broadcom,IT / Tech,"Manual check: search ""intern"" openings",Manual check required,N/A,https://careers.broadcom.com/search-jobs?k=intern,Not specified,
VMware / Broadcom,IT / Tech,"Manual check: search ""internship"" openings",Manual check required,N/A,https://careers.broadcom.com/search-jobs?k=internship,Not specified,
VMware / Broadcom,IT / Tech,"Manual check: search ""graduate"" openings",Manual check required,N/A,https://careers.broadcom.com/search-jobs?k=graduate,Not specified,
VMware / Broadcom,IT / Tech,"Manual check: search ""entry level"" openings",Manual check required,N/A,https://careers.broadcom.com/search-jobs?k=entry+level,Not specified,
VMware / Broadcom,IT / Tech,"Manual check: search ""fresher"" openings",Manual check required,N/A,https://careers.broadcom.com/search-jobs?k=fresher,Not specified,
VMware / Broadcom,IT / Tech,"Manual check: search ""early career"" openings",Manual check required,N/A,https://careers.broadcom.com/search-jobs?k=early+career,Not specified,
VMware / Broadcom,IT / Tech,"Manual check: search ""new grad"" openings",Manual check required,N/A,https://careers.broadcom.com/search-jobs?k=new+grad,Not specified,
Visa,IT / Tech,"Manual check: search ""intern"" openings",Manual check required,N/A,https://search.visa.com/job-search-results?keyword=intern,Not specified,
Visa,IT / Tech,"Manual check: search ""internship"" openings",Manual check required,N/A,https://search.visa.com/job-search-results?keyword=internship,Not specified,
Visa,IT / Tech,"Manual check: search ""graduate"" openings",Manual check required,N/A,https://search.visa.com/job-search-results?keyword=graduate,Not specified,
Visa,IT / Tech,"Manual check: search ""entry level"" openings",Manual check required,N/A,https://search.visa.com/job-search-results?keyword=entry+level,Not specified,
Visa,IT / Tech,"Manual check: search ""fresher"" openings",Manual check required,N/A,https://search.visa.com/job-search-results?keyword=fresher,Not specified,
Visa,IT / Tech,"Manual check: search ""early career"" openings",Manual check required,N/A,https://search.visa.com/job-search-results?keyword=early+career,Not specified,
Visa,IT / Tech,"Manual check: search ""new grad"" openings",Manual check required,N/A,https://search.visa.com/job-search-results?keyword=new+grad,Not specified,
Western Digital,IT / Tech,"Manual check: search ""intern"" openings",Manual check required,N/A,https://careers.westerndigital.com/jobs/search?q=intern,Not specified,
Western Digital,IT / Tech,"Manual check: search ""internship"" openings",Manual check required,N/A,https://careers.westerndigital.com/jobs/search?q=internship,Not specified,
Western Digital,IT / Tech,"Manual check: search ""graduate"" openings",Manual check required,N/A,https://careers.westerndigital.com/jobs/search?q=graduate,Not specified,
Western Digital,IT / Tech,"Manual check: search ""entry level"" openings",Manual check required,N/A,https://careers.westerndigital.com/jobs/search?q=entry+level,Not specified,
Western Digital,IT / Tech,"Manual check: search ""fresher"" openings",Manual check required,N/A,https://careers.westerndigital.com/jobs/search?q=fresher,Not specified,
Western Digital,IT / Tech,"Manual check: search ""early career"" openings",Manual check required,N/A,https://careers.westerndigital.com/jobs/search?q=early+career,Not specified,
Western Digital,IT / Tech,"Manual check: search ""new grad"" openings",Manual check required,N/A,https://careers.westerndigital.com/jobs/search?q=new+grad,Not specified,
Wipro,IT / Tech,"Manual check: search ""intern"" openings",Manual check required,N/A,https://careers.wipro.com/careers-home/jobs?keywords=intern,Not specified,
Wipro,IT / Tech,"Manual check: search ""internship"" openings",Manual check required,N/A,https://careers.wipro.com/careers-home/jobs?keywords=internship,Not specified,
Wipro,IT / Tech,"Manual check: search ""graduate"" openings",Manual check required,N/A,https://careers.wipro.com/careers-home/jobs?keywords=graduate,Not specified,
Wipro,IT / Tech,"Manual check: search ""entry level"" openings",Manual check required,N/A,https://careers.wipro.com/careers-home/jobs?keywords=entry+level,Not specified,
Wipro,IT / Tech,"Manual check: search ""fresher"" openings",Manual check required,N/A,https://careers.wipro.com/careers-home/jobs?keywords=fresher,Not specified,
Wipro,IT / Tech,"Manual check: search ""early career"" openings",Manual check required,N/A,https://careers.wipro.com/careers-home/jobs?keywords=early+career,Not specified,
Wipro,IT / Tech,"Manual check: search ""new grad"" openings",Manual check required,N/A,https://careers.wipro.com/careers-home/jobs?keywords=new+grad,Not specified,
Airbnb,Other Prominent,"Manual check: search ""intern"" openings",Manual check required,N/A,https://careers.airbnb.com/positions/?q=intern,Not specified,
Airbnb,Other Prominent,"Manual check: search ""internship"" openings",Manual check required,N/A,https://careers.airbnb.com/positions/?q=internship,Not specified,
Airbnb,Other Prominent,"Manual check: search ""graduate"" openings",Manual check required,N/A,https://careers.airbnb.com/positions/?q=graduate,Not specified,
Airbnb,Other Prominent,"Manual check: search ""entry level"" openings",Manual check required,N/A,https://careers.airbnb.com/positions/?q=entry+level,Not specified,
Airbnb,Other Prominent,"Manual check: search ""fresher"" openings",Manual check required,N/A,https://careers.airbnb.com/positions/?q=fresher,Not specified,
Airbnb,Other Prominent,"Manual check: search ""early career"" openings",Manual check required,N/A,https://careers.airbnb.com/positions/?q=early+career,Not specified,
Airbnb,Other Prominent,"Manual check: search ""new grad"" openings",Manual check required,N/A,https://careers.airbnb.com/positions/?q=new+grad,Not specified,
Bosch,Other Prominent,"Manual check: search ""intern"" openings",Manual check required,N/A,https://careers.smartrecruiters.com/BoschGroup/india,Not specified,
BrowserStack,Other Prominent,"Manual check: search ""intern"" openings",Manual check required,N/A,https://www.browserstack.com/careers,Not specified,
Cred,Other Prominent,"Manual check: search ""intern"" openings",Manual check required,N/A,https://careers.cred.club/,Not specified,
Dream11,Other Prominent,"Manual check: search ""intern"" openings",Manual check required,N/A,https://www.dream11.com/careers,Not specified,
Druva,Other Prominent,"Manual check: search ""intern"" openings",Manual check required,N/A,https://www.druva.com/about/careers,Not specified,
Expedia,Other Prominent,"Manual check: search ""intern"" openings",Manual check required,N/A,https://careers.expediagroup.com/jobs/?search=intern,Not specified,
Expedia,Other Prominent,"Manual check: search ""internship"" openings",Manual check required,N/A,https://careers.expediagroup.com/jobs/?search=internship,Not specified,
Expedia,Other Prominent,"Manual check: search ""graduate"" openings",Manual check required,N/A,https://careers.expediagroup.com/jobs/?search=graduate,Not specified,
Expedia,Other Prominent,"Manual check: search ""entry level"" openings",Manual check required,N/A,https://careers.expediagroup.com/jobs/?search=entry+level,Not specified,
Expedia,Other Prominent,"Manual check: search ""fresher"" openings",Manual check required,N/A,https://careers.expediagroup.com/jobs/?search=fresher,Not specified,
Expedia,Other Prominent,"Manual check: search ""early career"" openings",Manual check required,N/A,https://careers.expediagroup.com/jobs/?search=early+career,Not specified,
Expedia,Other Prominent,"Manual check: search ""new grad"" openings",Manual check required,N/A,https://careers.expediagroup.com/jobs/?search=new+grad,Not specified,
Flipkart (Walmart),Other Prominent,"Manual check: search ""intern"" openings",Manual check required,N/A,https://www.flipkartcareers.com/,Not specified,
Groww,Other Prominent,"Manual check: search ""intern"" openings",Manual check required,N/A,https://groww.in/careers,Not specified,
HUL,Other Prominent,"Manual check: search ""intern"" openings",Manual check required,N/A,https://careers.unilever.com/india,Not specified,
InMobi,Other Prominent,"Manual check: search ""intern"" openings",Manual check required,N/A,https://www.inmobi.com/company/careers/,Not specified,
MakeMyTrip,Other Prominent,"Manual check: search ""intern"" openings",Manual check required,N/A,https://careers.makemytrip.com/,Not specified,
Meesho,Other Prominent,"Manual check: search ""intern"" openings",Manual check required,N/A,https://meesho.io/jobs,Not specified,
Nestlé,Other Prominent,"Manual check: search ""intern"" openings",Manual check required,N/A,https://www.nestle.in/jobs/search-jobs?keyword=intern,Not specified,
Nestlé,Other Prominent,"Manual check: search ""internship"" openings",Manual check required,N/A,https://www.nestle.in/jobs/search-jobs?keyword=internship,Not specified,
Nestlé,Other Prominent,"Manual check: search ""graduate"" openings",Manual check required,N/A,https://www.nestle.in/jobs/search-jobs?keyword=graduate,Not specified,
Nestlé,Other Prominent,"Manual check: search ""entry level"" openings",Manual check required,N/A,https://www.nestle.in/jobs/search-jobs?keyword=entry+level,Not specified,
Nestlé,Other Prominent,"Manual check: search ""fresher"" openings",Manual check required,N/A,https://www.nestle.in/jobs/search-jobs?keyword=fresher,Not specified,
Nestlé,Other Prominent,"Manual check: search ""early career"" openings",Manual check required,N/A,https://www.nestle.in/jobs/search-jobs?keyword=early+career,Not specified,
Nestlé,Other Prominent,"Manual check: search ""new grad"" openings",Manual check required,N/A,https://www.nestle.in/jobs/search-jobs?keyword=new+grad,Not specified,
Ola,Other Prominent,"Manual check: search ""intern"" openings",Manual check required,N/A,https://www.olacabs.com/careers,Not specified,
P&G,Other Prominent,"Manual check: search ""intern"" openings",Manual check required,N/A,https://www.pgcareers.com/global/en/search-results?keywords=intern,Not specified,
P&G,Other Prominent,"Manual check: search ""internship"" openings",Manual check required,N/A,https://www.pgcareers.com/global/en/search-results?keywords=internship,Not specified,
P&G,Other Prominent,"Manual check: search ""graduate"" openings",Manual check required,N/A,https://www.pgcareers.com/global/en/search-results?keywords=graduate,Not specified,
P&G,Other Prominent,"Manual check: search ""entry level"" openings",Manual check required,N/A,https://www.pgcareers.com/global/en/search-results?keywords=entry+level,Not specified,
P&G,Other Prominent,"Manual check: search ""fresher"" openings",Manual check required,N/A,https://www.pgcareers.com/global/en/search-results?keywords=fresher,Not specified,
P&G,Other Prominent,"Manual check: search ""early career"" openings",Manual check required,N/A,https://www.pgcareers.com/global/en/search-results?keywords=early+career,Not specified,
P&G,Other Prominent,"Manual check: search ""new grad"" openings",Manual check required,N/A,https://www.pgcareers.com/global/en/search-results?keywords=new+grad,Not specified,
Paytm,Other Prominent,"Manual check: search ""intern"" openings",Manual check required,N/A,https://paytm.com/careers/,Not specified,
PhonePe,Other Prominent,"Manual check: search ""intern"" openings",Manual check required,N/A,https://www.phonepe.com/careers/,Not specified,
Postman,Other Prominent,"Manual check: search ""intern"" openings",Manual check required,N/A,https://www.postman.com/company/careers/,Not specified,
Qualcomm,Other Prominent,"Manual check: search ""intern"" openings",Manual check required,N/A,https://careers.qualcomm.com/careers/search-jobs?keywords=intern,Not specified,
Qualcomm,Other Prominent,"Manual check: search ""internship"" openings",Manual check required,N/A,https://careers.qualcomm.com/careers/search-jobs?keywords=internship,Not specified,
Qualcomm,Other Prominent,"Manual check: search ""graduate"" openings",Manual check required,N/A,https://careers.qualcomm.com/careers/search-jobs?keywords=graduate,Not specified,
Qualcomm,Other Prominent,"Manual check: search ""entry level"" openings",Manual check required,N/A,https://careers.qualcomm.com/careers/search-jobs?keywords=entry+level,Not specified,
Qualcomm,Other Prominent,"Manual check: search ""fresher"" openings",Manual check required,N/A,https://careers.qualcomm.com/careers/search-jobs?keywords=fresher,Not specified,
Qualcomm,Other Prominent,"Manual check: search ""early career"" openings",Manual check required,N/A,https://careers.qualcomm.com/careers/search-jobs?keywords=early+career,Not specified,
Qualcomm,Other Prominent,"Manual check: search ""new grad"" openings",Manual check required,N/A,https://careers.qualcomm.com/careers/search-jobs?keywords=new+grad,Not specified,
Razorpay,Other Prominent,"Manual check: search ""intern"" openings",Manual check required,N/A,https://razorpay.com/jobs/,Not specified,
Reliance Industries / Jio,Other Prominent,"Manual check: search ""intern"" openings",Manual check required,N/A,https://careers.jio.com/frmjobsearch.aspx,Not specified,
Samsung,Other Prominent,"Manual check: search ""intern"" openings",Manual check required,N/A,https://www.samsung.com/in/about-us/careers/,Not specified,
Schneider Electric,Other Prominent,"Manual check: search ""intern"" openings",Manual check required,N/A,https://careers.se.com/global/jobs?keyword=intern,Not specified,
Schneider Electric,Other Prominent,"Manual check: search ""internship"" openings",Manual check required,N/A,https://careers.se.com/global/jobs?keyword=internship,Not specified,
Schneider Electric,Other Prominent,"Manual check: search ""graduate"" openings",Manual check required,N/A,https://careers.se.com/global/jobs?keyword=graduate,Not specified,
Schneider Electric,Other Prominent,"Manual check: search ""entry level"" openings",Manual check required,N/A,https://careers.se.com/global/jobs?keyword=entry+level,Not specified,
Schneider Electric,Other Prominent,"Manual check: search ""fresher"" openings",Manual check required,N/A,https://careers.se.com/global/jobs?keyword=fresher,Not specified,
Schneider Electric,Other Prominent,"Manual check: search ""early career"" openings",Manual check required,N/A,https://careers.se.com/global/jobs?keyword=early+career,Not specified,
Schneider Electric,Other Prominent,"Manual check: search ""new grad"" openings",Manual check required,N/A,https://careers.se.com/global/jobs?keyword=new+grad,Not specified,
ShareChat,Other Prominent,"Manual check: search ""intern"" openings",Manual check required,N/A,https://sharechat.com/careers,Not specified,
Siemens,Other Prominent,"Manual check: search ""intern"" openings",Manual check required,N/A,https://jobs.siemens.com/careers?query=intern,Not specified,
Siemens,Other Prominent,"Manual check: search ""internship"" openings",Manual check required,N/A,https://jobs.siemens.com/careers?query=internship,Not specified,
Siemens,Other Prominent,"Manual check: search ""graduate"" openings",Manual check required,N/A,https://jobs.siemens.com/careers?query=graduate,Not specified,
Siemens,Other Prominent,"Manual check: search ""entry level"" openings",Manual check required,N/A,https://jobs.siemens.com/careers?query=entry+level,Not specified,
Siemens,Other Prominent,"Manual check: search ""fresher"" openings",Manual check required,N/A,https://jobs.siemens.com/careers?query=fresher,Not specified,
Siemens,Other Prominent,"Manual check: search ""early career"" openings",Manual check required,N/A,https://jobs.siemens.com/careers?query=early+career,Not specified,
Siemens,Other Prominent,"Manual check: search ""new grad"" openings",Manual check required,N/A,https://jobs.siemens.com/careers?query=new+grad,Not specified,
Swiggy,Other Prominent,"Manual check: search ""intern"" openings",Manual check required,N/A,https://careers.swiggy.com/,Not specified,
Uber,Other Prominent,"Manual check: search ""intern"" openings",Manual check required,N/A,https://www.uber.com/global/en/careers/list/?query=intern,Not specified,
Uber,Other Prominent,"Manual check: search ""internship"" openings",Manual check required,N/A,https://www.uber.com/global/en/careers/list/?query=internship,Not specified,
Uber,Other Prominent,"Manual check: search ""graduate"" openings",Manual check required,N/A,https://www.uber.com/global/en/careers/list/?query=graduate,Not specified,
Uber,Other Prominent,"Manual check: search ""entry level"" openings",Manual check required,N/A,https://www.uber.com/global/en/careers/list/?query=entry+level,Not specified,
Uber,Other Prominent,"Manual check: search ""fresher"" openings",Manual check required,N/A,https://www.uber.com/global/en/careers/list/?query=fresher,Not specified,
Uber,Other Prominent,"Manual check: search ""early career"" openings",Manual check required,N/A,https://www.uber.com/global/en/careers/list/?query=early+career,Not specified,
Uber,Other Prominent,"Manual check: search ""new grad"" openings",Manual check required,N/A,https://www.uber.com/global/en/careers/list/?query=new+grad,Not specified,
Zerodha,Other Prominent,"Manual check: search ""intern"" openings",Manual check required,N/A,https://zerodha.com/careers/,Not specified,
Zomato,Other Prominent,"Manual check: search ""intern"" openings",Manual check required,N/A,https://www.zomato.com/careers,Not specified,
